metric	0 (unliked)	1 (liked)
precision	0.9391025641025641	0.6348425196850394
recall	0.44126506024096385	0.9713855421686747
f1_score	0.6004098360655737	0.7678571428571429
support	664.0	664.0
