metric	0 (unliked)	1 (liked)
precision	0.9496644295302014	0.6300970873786408
recall	0.42620481927710846	0.9774096385542169
f1_score	0.5883575883575883	0.7662337662337663
support	664.0	664.0
