metric	0 (unliked)	1 (liked)
precision	0.9537953795379538	0.6341463414634146
recall	0.4352409638554217	0.9789156626506024
f1_score	0.5977249224405378	0.7696862048549438
support	664.0	664.0
