metric	0 (unliked)	1 (liked)
precision	0.9320987654320988	0.6394422310756972
recall	0.45481927710843373	0.9668674698795181
f1_score	0.611336032388664	0.7697841726618705
support	664.0	664.0
