metric	0 (unliked)	1 (liked)
precision	0.7159090909090909	0.5153225806451613
recall	0.09487951807228916	0.9623493975903614
f1_score	0.1675531914893617	0.6712184873949579
support	664.0	664.0
