metric	0 (unliked)	1 (liked)
precision	0.530920060331825	0.530827067669173
recall	0.5301204819277109	0.5316265060240963
f1_score	0.5305199698568199	0.5312264860797592
support	664.0	664.0
