metric	0 (unliked)	1 (liked)
precision	0.9491017964071856	0.6509054325955734
recall	0.47740963855421686	0.9743975903614458
f1_score	0.6352705410821643	0.7804583835946924
support	664.0	664.0
