metric	0 (unliked)	1 (liked)
precision	0.9487179487179487	0.6377952755905512
recall	0.4457831325301205	0.9759036144578314
f1_score	0.6065573770491803	0.7714285714285715
support	664.0	664.0
