metric	0 (unliked)	1 (liked)
precision	0.9519230769230769	0.6387795275590551
recall	0.44728915662650603	0.9774096385542169
f1_score	0.6086065573770492	0.7726190476190476
support	664.0	664.0
