metric	0 (unliked)	1 (liked)
precision	0.8616352201257862	0.7027027027027027
recall	0.6189759036144579	0.9006024096385542
f1_score	0.7204206836108676	0.7894389438943894
support	664.0	664.0
