metric	0 (unliked)	1 (liked)
precision	0.8483606557377049	0.7023809523809523
recall	0.6234939759036144	0.8885542168674698
f1_score	0.71875	0.7845744680851063
support	664.0	664.0
