metric	0 (unliked)	1 (liked)
precision	0.8544698544698545	0.7012987012987013
recall	0.6189759036144579	0.8945783132530121
f1_score	0.7179039301310044	0.786234281932495
support	664.0	664.0
