metric	0 (unliked)	1 (liked)
precision	0.9478527607361963	0.6457085828343313
recall	0.46536144578313254	0.9743975903614458
f1_score	0.6242424242424243	0.7767106842737095
support	664.0	664.0
